,likes,comments,shares,Year,Month,no_link,youtube_link,facebook_link,paula_link,twitter_link,other_link,acne,beauty,best,bha,care,choice,ingredient,oily,paula,photo,pore,product,resist,retinol,routine,singapore,skin,skincare,sunscreen,timeline,number_of_words
0,4,0,0,2018,3,0,1,0,0,0,0,0.0,0.946002170416,0.0,0.0,0.0,0.0,0.0,0.0,0.0,0.0,0.0,0.0,0.0,0.0,0.0,0.0,0.0,0.32416028993,0.0,0.0,14
1,21,47,6,2018,3,0,0,1,0,0,0,0.261631585214,0.0,0.0,0.802517496118,0.0,0.0,0.0,0.0,0.0,0.0,0.253589676406,0.0,0.0,0.0,0.0,0.0,0.472447730509,0.0,0.0,0.0,76
2,7,0,3,2018,2,0,0,0,0,0,1,0.0,0.0,0.0,0.0,0.0,0.219553286436,0.0,0.0,0.665535603886,0.0,0.0,0.0,0.0,0.0,0.652880622524,0.287411911908,0.0,0.0,0.0,0.0,11
3,21,1,1,2018,1,0,0,0,1,0,0,0.309900952514,0.0,0.0,0.0,0.0,0.0,0.274366174564,0.0,0.0,0.0,0.0,0.0,0.0,0.910321153158,0.0,0.0,0.0,0.0,0.0,0.0,19
4,14,0,0,2018,1,0,1,0,0,0,0,0.0,0.0,0.0,0.0,0.0,0.0,0.0,0.0,0.0,0.0,0.0,0.0,0.0,0.0,0.806125358171,0.0,0.0,0.591744798805,0.0,0.0,14
5,8,0,0,2017,12,0,0,1,0,0,0,0.0,0.0,0.0,0.0,0.0,0.416047339514,0.0,0.0,0.420390454094,0.374062444108,0.0,0.0,0.0,0.0,0.0,0.544637537588,0.0,0.0,0.0,0.462194459019,12
6,4,1,2,2017,12,0,1,0,0,0,0,0.0,0.0,0.0,0.0,0.0,0.263354498126,0.0,0.0,0.266103653455,0.0,0.0,0.0,0.78313129114,0.0,0.0,0.344751021697,0.357330894007,0.0,0.0,0.0,28
7,2,0,1,2017,12,0,0,1,0,0,0,0.543278839007,0.0,0.0,0.555476731676,0.0,0.0,0.0,0.0,0.0,0.0,0.0,0.0,0.0,0.0,0.0,0.0,0.49051962574,0.394568372298,0.0,0.0,30
8,0,2,0,2017,11,1,0,0,0,0,0,0.0,0.0,0.0,0.0,0.0,0.0,0.0,0.0,0.0,0.0,0.0,0.0,0.0,0.0,0.0,0.0,1.0,0.0,0.0,0.0,25
9,2,0,0,2017,11,1,0,0,0,0,0,0.0,0.0,0.0,0.0,0.0,0.0,0.0,0.0,0.0,0.0,0.0,0.0,0.0,0.585893468283,0.0,0.0,0.810388082232,0.0,0.0,0.0,45
10,1,0,0,2017,11,1,0,0,0,0,0,0.0,0.0,0.0,0.66169164797,0.0,0.0,0.286477311307,0.0,0.0,0.0,0.0,0.239203942915,0.0,0.633669843588,0.0,0.0,0.146078458831,0.0,0.0,0.0,32
11,5,1,0,2017,11,0,0,1,0,0,0,0.0,0.0,0.0,0.0,0.0,0.380034694286,0.0,0.0,0.0,0.341683969801,0.0,0.0,0.0,0.0,0.565050270515,0.497494252303,0.0,0.41478109484,0.0,0.0,11
12,0,0,2,2017,11,1,0,0,0,0,0,0.0,0.0,0.0,0.0,0.0,0.0,0.624304874012,0.0,0.0,0.0,0.0,0.260642259528,0.0,0.690461611186,0.0,0.0,0.0,0.256069912939,0.0,0.0,48
13,0,1,0,2017,11,0,0,1,0,0,0,0.0,0.0,0.0,0.0,0.0,0.532847729687,0.0,0.0,0.0,0.479076069413,0.0,0.0,0.0,0.0,0.0,0.697538111277,0.0,0.0,0.0,0.0,22
15,0,0,0,2017,11,1,0,0,0,0,0,0.0,0.0,0.0,0.0,0.0,0.0,0.0,0.0,0.0,0.0,0.0,0.0,0.0,0.908126217314,0.0,0.0,0.418696517094,0.0,0.0,0.0,31
16,1,0,1,2017,11,1,0,0,0,0,0,0.0,0.0,0.0,0.0,0.0,0.0,0.0,0.0,0.0,0.0,0.0,0.0,0.0,0.879324711019,0.0,0.0,0.202708713216,0.0,0.430926014739,0.0,47
17,2,0,1,2017,11,1,0,0,0,0,0,0.0,0.0,0.0,0.0,0.0,0.0,0.0,0.0,0.0,0.0,0.0,0.146881317442,0.0,0.972750075891,0.0,0.0,0.179396679014,0.0,0.0,0.0,57
18,2,0,1,2017,11,1,0,0,0,0,0,0.0,0.0,0.0,0.0,0.0,0.0,0.0,0.0,0.0,0.0,0.0,0.0,0.0,0.97444273482,0.0,0.0,0.224636053556,0.0,0.0,0.0,35
19,0,0,0,2017,11,1,0,0,0,0,0,0.0,0.0,0.0,0.0,0.0,0.0,0.0,0.0,0.0,0.0,0.0,0.0,0.0,0.0,0.756568916895,0.0,0.345210886744,0.555367371801,0.0,0.0,28
20,12,0,2,2017,11,0,1,0,0,0,0,0.433154196734,0.0,0.0,0.0,0.0,0.576469448528,0.0,0.0,0.582487208118,0.0,0.0,0.32020513004,0.0,0.0,0.0,0.0,0.19554473616,0.0,0.0,0.0,37
21,0,2,2,2017,11,1,0,0,0,0,0,0.0,0.0,0.376528996474,0.0,0.0,0.0,0.0,0.372812898257,0.0,0.0,0.0,0.287172460255,0.0,0.380371087857,0.0,0.0,0.701488610956,0.0,0.0,0.0,32
22,3,0,0,2017,11,0,0,1,0,0,0,0.0,0.0,0.0,0.0,0.0,0.0,0.0,0.0,0.0,0.0,0.0,0.0,0.0,0.0,0.0,0.0,0.0,0.0,0.0,0.0,23
23,2,0,1,2017,11,1,0,0,0,0,0,0.0,0.0,0.0,0.0,0.0,0.0,0.0,0.0,0.0,0.0,0.0,0.38828638535,0.0,0.771450618895,0.0,0.0,0.0,0.0,0.504080971231,0.0,51
24,2,0,0,2017,11,1,0,0,0,0,0,0.0,0.0,0.0,0.0,0.0,0.0,0.0,0.0,0.0,0.0,0.0,0.0,0.0,0.0,0.0,0.0,0.0,0.0,1.0,0.0,43
25,2,7,1,2017,11,0,0,1,0,0,0,0.0,0.0,0.0,0.0,0.0,0.0,0.0,0.0,0.357243315388,0.317874267585,0.0,0.785535824068,0.0,0.0,0.0,0.0,0.0,0.0,0.0,0.392767912034,81
26,1,0,0,2017,11,1,0,0,0,0,0,0.0,0.0,0.0,0.0,0.0,0.0,0.0,0.0,0.0,0.0,0.0,0.0,0.0,1.0,0.0,0.0,0.0,0.0,0.0,0.0,26
27,0,0,1,2017,11,0,0,1,0,0,0,0.0,0.0,0.0,0.0,0.0,0.0,0.0,0.0,0.0,0.0,0.0,0.345227021925,0.0,0.914533223489,0.0,0.0,0.210825251018,0.0,0.0,0.0,47
28,1,0,0,2017,11,0,0,1,0,0,0,0.0,0.0,0.0,0.343236934237,0.0,0.0,0.0,0.0,0.0,0.200842705762,0.0,0.0,0.0,0.657402568398,0.332137984957,0.0,0.0,0.48761876324,0.0,0.24816280597,58
29,1,0,2,2017,11,0,1,0,0,0,0,0.0,0.512571219984,0.0,0.0,0.0,0.321851979996,0.0,0.0,0.325211790033,0.0,0.0,0.357551142983,0.0,0.0,0.478541962344,0.0,0.218351417136,0.351278761246,0.0,0.0,47
30,3,0,1,2017,11,1,0,0,0,0,0,0.0,0.0,0.0,0.0,0.0,0.0,0.0,0.0,0.0,0.0,0.0,0.353164837371,0.0,0.935561113795,0.0,0.0,0.0,0.0,0.0,0.0,28
31,1,2,1,2017,11,0,0,1,0,0,0,0.0,0.0,0.0,0.0,0.0,0.0,0.0,0.0,0.0,0.238243605117,0.0,0.0,0.0,0.389911989369,0.787977344081,0.0,0.0,0.289211529082,0.0,0.294375647479,35
32,0,0,1,2017,10,0,0,0,0,0,1,0.0,0.0,0.698217093249,0.0,0.0,0.0,0.637759206537,0.0,0.0,0.0,0.0,0.0,0.0,0.0,0.0,0.0,0.325201606965,0.0,0.0,0.0,40
33,0,0,0,2017,10,0,0,1,0,0,0,0.0,0.0,0.0,0.0,0.67294753959,0.0,0.0,0.0,0.0,0.0,0.0,0.0,0.0,0.0,0.67294753959,0.0,0.307055724451,0.0,0.0,0.0,22
34,0,0,0,2017,10,0,0,1,0,0,0,0.0,0.0,0.0,0.0,0.0,0.0,0.527856892141,0.572192866148,0.0,0.178354337375,0.0,0.440752006919,0.0,0.0,0.0,0.0,0.269161005929,0.216510032264,0.0,0.22037600346,39
35,0,0,0,2017,10,0,0,1,0,0,0,0.0,0.0,0.455923947628,0.0,0.0,0.0,0.0,0.451424272478,0.0,0.281420764767,0.455923947628,0.0,0.0,0.0,0.0,0.0,0.424702293473,0.0,0.0,0.347725681038,40
36,0,0,1,2017,10,0,0,0,0,0,1,0.0,0.87150263552,0.0,0.0,0.0,0.273615487837,0.0,0.0,0.276471757549,0.0,0.0,0.0,0.0,0.0,0.0,0.0,0.0,0.298632028382,0.0,0.0,47
37,1,0,1,2017,10,0,0,1,0,0,0,0.0,0.0,0.0,0.0,0.0,0.0,0.700132421351,0.0,0.0,0.0,0.0,0.0,0.0,0.0,0.0,0.0,0.714013019891,0.0,0.0,0.0,19
38,0,0,0,2017,10,0,0,1,0,0,0,0.0,0.0,0.0,0.0,0.0,0.0,0.0,0.401504308725,0.0,0.250300341624,0.0,0.0,0.0,0.0,0.0,0.0,0.188868666519,0.0,0.803008617451,0.309273044679,36
39,0,0,1,2017,10,1,0,0,0,0,0,0.0,0.0,0.0,0.0,0.0,0.0,0.0,0.847158287355,0.0,0.0,0.0,0.0,0.0,0.0,0.0,0.0,0.531340602783,0.0,0.0,0.0,40
40,1,0,1,2017,10,0,0,1,0,0,0,0.0,0.0,0.0,0.0,0.0,0.0,0.0,0.0,0.0,0.0,0.0,0.0,0.0,0.0,0.0,0.0,1.0,0.0,0.0,0.0,32
41,2,0,1,2017,10,0,0,1,0,0,0,0.26185891857,0.0,0.0,0.803214808697,0.0,0.174249340672,0.0,0.0,0.176068328033,0.0,0.253810022096,0.193576720957,0.259080653856,0.0,0.0,0.0,0.23642912168,0.0,0.0,0.0,48
42,0,0,1,2017,10,1,0,0,0,0,0,0.0,0.0,0.0,0.0,0.0,0.0,0.0,0.904883412261,0.0,0.0,0.0,0.0,0.0,0.0,0.0,0.0,0.425659500322,0.0,0.0,0.0,30
43,10,0,12,2017,10,0,0,0,1,0,0,0.0,0.0,0.0,0.0,0.0,0.0,0.0,0.529685639233,0.0,0.0,0.0,0.0,0.0,0.0,0.0,0.0,0.747496488947,0.400851746413,0.0,0.0,38
45,0,0,0,2017,10,1,0,0,0,0,0,0.0,0.0,0.0,0.0,0.0,0.241694657533,0.0,0.697151509969,0.244217705974,0.0,0.0,0.537005868692,0.0,0.0,0.0,0.0,0.327941875562,0.0,0.0,0.0,38
46,2,0,1,2017,10,1,0,0,0,0,0,0.0,0.0,0.0,0.0,0.0,0.0,0.0,0.652852556171,0.0,0.0,0.329680007008,0.502883016162,0.0,0.0,0.0,0.0,0.460655299476,0.0,0.0,0.0,44
47,2,0,1,2017,10,0,0,0,0,0,1,0.0,0.974885855997,0.0,0.0,0.0,0.0,0.0,0.0,0.0,0.0,0.0,0.0,0.0,0.0,0.0,0.0,0.0,0.222705113943,0.0,0.0,43
48,0,0,1,2017,10,0,0,1,0,0,0,0.0,0.0,0.0,0.0,0.0,0.0,0.0,0.684595183149,0.0,0.142260331535,0.0,0.0,0.0,0.0,0.0,0.0,0.107345115637,0.0,0.684595183149,0.17577796972,38
49,1,0,1,2017,10,0,0,1,0,0,0,0.0,0.0,0.0,0.0,0.0,0.0,0.0,0.0,0.0,0.568319471357,0.0,0.0,0.0,0.0,0.0,0.0,0.428835773917,0.0,0.0,0.702219949507,32
50,1,0,1,2017,10,0,0,0,0,0,1,0.817195121645,0.0,0.26402552058,0.0,0.0,0.181262632979,0.0,0.0,0.366309664075,0.0,0.0,0.0,0.0,0.0,0.0,0.237286540992,0.0,0.197835393691,0.0,0.0,51
51,0,0,0,2017,10,0,0,1,0,0,0,0.0,0.0,0.0,0.0,0.0,0.0,0.0,0.825693033312,0.0,0.257371146241,0.0,0.0,0.0,0.0,0.0,0.0,0.388408141001,0.0,0.0,0.31800978574,34
52,1,0,1,2017,10,0,0,1,0,0,0,0.574557496362,0.0,0.0,0.0,0.0,0.0,0.0,0.551400803648,0.0,0.343746770647,0.0,0.0,0.0,0.0,0.0,0.0,0.259380365888,0.0,0.0,0.424736177612,24
53,3,0,1,2017,10,0,0,1,0,0,0,0.0,0.0,0.0,0.0,0.0,0.0,0.0,0.364809486648,0.0,0.22742455598,0.0,0.0,0.0,0.0,0.0,0.0,0.858036635964,0.0,0.0,0.281007546399,60
54,0,0,1,2017,10,0,0,1,0,0,0,0.0,0.0,0.460217306701,0.0,0.0,0.0,0.0,0.455675258868,0.0,0.28407085674,0.460217306701,0.0,0.0,0.0,0.0,0.0,0.214350821742,0.344842694959,0.0,0.351000155247,27
55,3,0,1,2017,10,0,0,1,0,0,0,0.0,0.0,0.0,0.0,0.0,0.0,0.0,0.673701780171,0.0,0.419989977854,0.0,0.0,0.0,0.0,0.0,0.0,0.316911061943,0.0,0.0,0.518942876157,27
57,0,0,0,2017,10,0,0,1,0,0,0,0.0,0.0,0.0,0.0,0.0,0.0,0.0,0.673701780171,0.0,0.419989977854,0.0,0.0,0.0,0.0,0.0,0.0,0.316911061943,0.0,0.0,0.518942876157,22
58,0,0,0,2017,10,0,0,0,0,0,1,0.0,0.0,0.0,0.365785493403,0.0,0.23806040562,0.0,0.0,0.481091032271,0.0,0.693513290525,0.0,0.0,0.0,0.0,0.311639135261,0.0,0.0,0.0,0.0,53
59,2,0,1,2017,10,0,0,1,0,0,0,0.0,0.0,0.0,0.0,0.0,0.0,0.506948278084,0.0,0.0,0.34257930726,0.0,0.423293650791,0.0,0.0,0.0,0.0,0.516998870392,0.0,0.0,0.423293650791,34
60,1,0,1,2017,9,0,0,0,1,0,0,0.62029012808,0.0,0.0,0.0,0.0,0.0,0.549164590107,0.0,0.0,0.0,0.0,0.0,0.0,0.0,0.0,0.0,0.560052149339,0.0,0.0,0.0,17
61,2,0,0,2017,9,0,1,0,0,0,0,0.0,0.0,0.214272685555,0.0,0.0,0.073552797233,0.0,0.0,0.0743206142474,0.0,0.0,0.0,0.0,0.0,0.0,0.0962861928512,0.149699475302,0.0,0.954710785894,0.0,98
62,0,0,0,2017,9,0,0,1,0,0,0,0.0,0.0,0.0,0.0,0.0,0.0,0.0,0.0,0.0,0.257371146241,0.0,0.0,0.0,0.0,0.0,0.0,0.388408141001,0.0,0.825693033312,0.31800978574,40
63,2,0,1,2017,9,0,1,0,0,0,0,0.0,0.0,0.0,0.0,0.0,0.340233444533,0.0,0.0,0.687570277038,0.0,0.0,0.0,0.0,0.0,0.0,0.44539139621,0.461643608791,0.0,0.0,0.0,26
64,0,0,0,2017,9,0,0,1,0,0,0,0.0,0.0,0.0,0.0,0.0,0.0,0.0,0.0,0.0,0.312741527595,0.0,0.0,0.0,0.0,0.0,0.0,0.707954390698,0.0,0.501665599143,0.386425858667,72
65,3,0,1,2017,9,0,0,1,0,0,0,0.0,0.8211425956,0.500687689064,0.0,0.0,0.0,0.0,0.0,0.0,0.0,0.0,0.0,0.0,0.0,0.0,0.0,0.11660015391,0.0,0.247873112336,0.0,52
66,1,0,1,2017,9,0,0,1,0,0,0,0.0,0.0,0.0,0.0,0.0,0.0,0.64363987941,0.0,0.0,0.434951085832,0.0,0.0,0.0,0.0,0.0,0.0,0.328200237559,0.0,0.0,0.537428937287,30
67,1,1,1,2017,9,0,1,0,0,0,0,0.454433262997,0.0,0.0,0.464636362711,0.0,0.302394498873,0.0,0.0,0.305551192433,0.0,0.440465106754,0.0,0.0,0.0,0.0,0.395857345078,0.205151036709,0.0,0.0,0.0,34
68,0,0,1,2017,9,1,0,0,0,0,0,0.0,0.0,0.0,0.0,0.0,0.0,0.0,0.0,0.0,0.0,0.0,0.0,0.0,0.0,0.0,0.0,0.685221286229,0.0,0.728334942797,0.0,36
69,1,0,0,2017,9,0,0,1,0,0,0,0.0,0.0,0.0,0.0,0.0,0.0,0.0,0.0,0.0,0.442814749303,0.0,0.0,0.0,0.0,0.0,0.0,0.0,0.0,0.71031477088,0.547145340901,21
70,0,0,1,2017,9,1,0,0,0,0,0,0.0,0.0,0.0,0.0,0.0,0.0,0.0,0.0,0.0,0.0,0.0,0.0,0.0,0.0,0.0,0.0,0.425659500322,0.0,0.904883412261,0.0,37
71,1,0,0,2017,9,1,0,0,0,0,0,0.0,0.0,0.0,0.0,0.0,0.0,0.0,0.0,0.0,0.0,0.0,0.0,0.0,0.0,0.0,0.0,0.425659500322,0.0,0.904883412261,0.0,45
72,1,0,0,2017,9,1,0,0,0,0,0,0.0,0.0,0.0,0.0,0.0,0.0,0.0,0.0,0.0,0.0,0.0,0.838784656383,0.0,0.0,0.0,0.0,0.0,0.0,0.54446331393,0.0,45
73,5,1,0,2017,8,1,0,0,0,0,0,0.0,0.0,0.0,0.0,0.448591489726,0.0,0.802825333579,0.0,0.0,0.0,0.0,0.335173114388,0.0,0.0,0.0,0.0,0.204685472131,0.0,0.0,0.0,29
74,1,0,1,2017,8,1,0,0,0,0,0,0.0,0.0,0.0,0.0,0.0,0.0,0.0,0.904883412261,0.0,0.0,0.0,0.0,0.0,0.0,0.0,0.0,0.425659500322,0.0,0.0,0.0,26
75,7,0,1,2017,8,0,0,0,1,0,0,0.0,0.0,0.0,0.0,0.0,0.0,0.0,0.0,0.0,0.0,0.0,0.0,0.0,0.0,0.0,0.464691566262,0.722472055306,0.0,0.51195300326,0.0,29
76,0,0,1,2017,8,1,0,0,0,0,0,0.0,0.0,0.0,0.0,0.0,0.0,0.0,0.647796770132,0.0,0.0,0.0,0.0,0.0,0.0,0.0,0.0,0.761813195348,0.0,0.0,0.0,49
77,1,0,1,2017,8,0,0,1,0,0,0,0.0,0.0,0.0,0.0,0.0,0.0,0.0,0.0,0.0,0.399111775011,0.0,0.49314560669,0.0,0.0,0.0,0.0,0.602314069964,0.484494543595,0.0,0.0,49
78,2,0,1,2017,8,0,0,1,0,0,0,0.0,0.0,0.0,0.0,0.0,0.469167095828,0.0,0.0,0.474064727085,0.421821686843,0.0,0.0,0.0,0.0,0.0,0.614175329393,0.0,0.0,0.0,0.0,24
79,0,0,1,2017,8,1,0,0,0,0,0,0.0,0.0,0.0,0.0,0.0,0.0,0.807644264624,0.437740127564,0.0,0.0,0.0,0.337184979309,0.0,0.0,0.0,0.0,0.205914089534,0.0,0.0,0.0,28
80,1,0,1,2017,8,0,0,0,0,0,1,0.0,0.0,0.0,0.0,0.0,0.0,0.0,0.904883412261,0.0,0.0,0.0,0.0,0.0,0.0,0.0,0.0,0.425659500322,0.0,0.0,0.0,16
81,0,0,0,2017,8,1,0,0,0,0,0,0.0,0.0,0.0,0.0,0.0,0.0,0.0,0.904883412261,0.0,0.0,0.0,0.0,0.0,0.0,0.0,0.0,0.425659500322,0.0,0.0,0.0,14
82,0,0,1,2017,8,0,0,0,0,0,1,0.0,0.0,0.0,0.0,0.0,0.0,0.0,0.0,0.0,0.0,0.0,0.0,0.0,0.0,0.0,0.0,0.0,0.0,0.0,0.0,13
83,2,0,1,2017,8,1,0,0,0,0,0,0.0,0.0,0.0,0.0,0.0,0.0,0.0,0.847158287355,0.0,0.0,0.0,0.0,0.0,0.0,0.0,0.0,0.531340602783,0.0,0.0,0.0,36
84,0,0,1,2017,8,0,0,0,0,0,1,0.0,0.0,0.0,0.0,0.756568916895,0.0,0.0,0.0,0.0,0.0,0.0,0.0,0.0,0.0,0.0,0.0,0.345210886744,0.555367371801,0.0,0.0,13
85,0,0,0,2017,8,0,0,1,0,0,0,0.0,0.0,0.0,0.0,0.0,0.0,0.0,0.489353969238,0.0,0.0,0.0,0.0,0.0,0.0,0.0,0.0,0.460386748622,0.74065966171,0.0,0.0,45
86,0,1,0,2017,8,0,0,1,0,0,0,0.0,0.0,0.0,0.0,0.0,0.0,1.0,0.0,0.0,0.0,0.0,0.0,0.0,0.0,0.0,0.0,0.0,0.0,0.0,0.0,28
87,1,0,1,2017,8,0,0,0,0,0,1,0.0,0.0,0.0,0.0,0.521677357167,0.0,0.466812019265,0.0,0.0,0.0,0.0,0.0,0.0,0.0,0.0,0.0,0.714100324666,0.0,0.0,0.0,11
88,0,0,1,2017,8,0,0,1,0,0,0,0.0,0.0,0.0,0.0,0.0,0.0,0.0,0.0,0.0,0.0,0.581986649555,0.0,0.0,0.0,0.0,0.0,0.81319833973,0.0,0.0,0.0,25
89,1,0,1,2017,8,0,0,0,0,0,1,0.0,0.0,0.0,0.0,0.88138469558,0.0,0.0,0.427466213681,0.0,0.0,0.0,0.0,0.0,0.0,0.0,0.0,0.201081213839,0.0,0.0,0.0,18
90,2,0,1,2017,8,0,0,1,0,0,0,0.0,0.0,0.0,0.0,0.0,0.0,0.0,0.501665599143,0.0,0.312741527595,0.0,0.0,0.0,0.0,0.0,0.0,0.707954390698,0.0,0.0,0.386425858667,50
91,0,4,0,2017,8,0,0,1,0,0,0,0.0,0.0,0.0,0.0,0.624126051518,0.0,0.558486080299,0.0,0.0,0.0,0.0,0.466326885928,0.0,0.0,0.0,0.0,0.284779222188,0.0,0.0,0.0,23
92,5,0,1,2017,8,0,0,1,0,0,0,0.0,0.0,0.0,0.531224669992,0.0,0.0,0.0,0.0,0.0,0.310842422382,0.503589365269,0.384079309527,0.0,0.0,0.0,0.0,0.469103585172,0.0,0.0,0.0,33
93,0,0,0,2017,7,0,0,0,0,0,1,0.0,0.0,0.0,0.0,0.594146207004,0.0,0.0,0.0,0.0,0.0,0.0,0.0,0.0,0.0,0.594146207004,0.0,0.542199750467,0.0,0.0,0.0,26
94,1,0,1,2017,7,0,0,0,0,0,1,0.0,0.0,0.0,0.0,0.0,0.0,0.0,0.0,0.0,0.0,0.0,0.0,0.0,0.0,0.0,0.0,1.0,0.0,0.0,0.0,17
95,0,0,1,2017,7,0,0,1,0,0,0,0.0,0.0,0.0,0.0,0.0,0.0,0.0,0.0,0.0,0.0,0.0,0.0,0.0,0.0,0.0,0.0,0.425659500322,0.0,0.904883412261,0.0,40
96,1,0,1,2017,7,0,0,1,0,0,0,0.0,0.0,0.0,0.0,0.0,0.0,0.0,0.0,0.0,0.0,0.0,0.0,0.0,0.0,0.0,0.0,0.425659500322,0.0,0.904883412261,0.0,39
97,0,0,1,2017,7,0,0,0,0,0,1,0.0,0.0,0.0,0.0,0.310354391457,0.208734412551,0.0,0.0,0.210913389279,0.0,0.0,0.0,0.0,0.0,0.0,0.0,0.0,0.0,0.903119947152,0.0,19
98,1,0,0,2017,7,0,0,0,0,0,1,0.0,0.0,0.0,0.0,0.909769426642,0.0,0.0,0.0,0.0,0.0,0.0,0.0,0.0,0.0,0.0,0.0,0.415113948631,0.0,0.0,0.0,8
99,1,0,0,2017,7,0,0,1,0,0,0,0.0,0.0,0.0,0.0,0.0,0.0,0.0,0.0,0.0,0.195164974156,0.0,0.0,0.0,0.0,0.0,0.0,0.147265274114,0.0,0.93918662908,0.241147356733,24
100,2,0,2,2017,7,0,0,1,0,0,0,0.0,0.0,0.0,0.0,0.0,0.0,0.0,0.0,0.0,0.0,0.0,0.0,0.0,0.0,0.0,0.0,0.116795782905,0.0,0.993155952052,0.0,50
101,2,0,1,2017,7,0,0,0,1,0,0,0.0,0.0,0.0,0.0,0.0,0.0,0.0,0.0,0.0,0.0,0.0,0.0,0.0,0.0,0.0,0.0,0.527914840596,0.84929731018,0.0,0.0,8
102,4,0,1,2017,7,0,0,1,0,0,0,0.0,0.0,0.0,0.0,0.0,0.0,0.0,0.0,0.0,0.0,0.0,0.241588266577,0.0,0.0,0.0,0.0,0.0,0.237350176835,0.940903822401,0.0,26
103,1,0,1,2017,7,0,0,0,0,0,1,0.0,0.0,0.0,0.0,0.0,0.0,0.0,0.0,0.0,0.0,0.0,0.0,0.0,0.0,0.0,0.0,0.0,0.0,1.0,0.0,14
104,5,2,0,2017,7,0,0,1,0,0,0,0.0,0.0,0.0,0.0,0.0,0.0,0.0,0.0,0.0,0.629101729387,0.0,0.0,0.0,0.0,0.0,0.0,0.0,0.0,0.0,0.777322979258,35
105,3,0,1,2017,7,0,0,1,0,0,0,0.0,0.0,0.0,0.0,0.0,0.0,0.0,0.0,0.0,0.0,0.0,0.0,0.0,0.0,0.0,0.0,1.0,0.0,0.0,0.0,38
106,3,0,2,2017,7,0,0,0,1,0,0,1.0,0.0,0.0,0.0,0.0,0.0,0.0,0.0,0.0,0.0,0.0,0.0,0.0,0.0,0.0,0.0,0.0,0.0,0.0,0.0,20
107,3,0,0,2017,7,0,0,1,0,0,0,0.0,0.0,0.0,0.0,0.0,0.703425721728,0.0,0.0,0.710768776756,0.0,0.0,0.0,0.0,0.0,0.0,0.0,0.0,0.0,0.0,0.0,15
108,1,0,1,2017,7,0,0,1,0,0,0,0.0,0.0,0.425686114805,0.0,0.434525934202,0.0,0.0,0.0,0.0,0.262756349173,0.0,0.324663784277,0.0,0.0,0.0,0.0,0.594802719394,0.318968332783,0.0,0.0,58
109,2,0,0,2017,7,0,0,0,0,0,1,0.0,0.0,0.305838173687,0.0,0.0,0.0,0.0,0.0,0.0,0.0,0.0,0.0,0.0,0.0,0.0,0.0,0.284894387478,0.0,0.90845924482,0.0,35
110,5,0,0,2017,7,0,0,1,0,0,0,0.0,0.0,0.0,0.0,0.0,0.0,0.0,0.0,0.0,0.0,0.0,0.0,0.0,0.0,0.0,0.0,0.0,0.0,1.0,0.0,79
111,11,5,4,2017,6,0,0,1,0,0,0,0.0,0.0,0.0,0.0,0.0,0.0,0.0,0.0,0.0,0.299395212154,0.0,0.0,0.0,0.0,0.495116425031,0.0,0.0,0.726890839856,0.0,0.369935047728,58
112,0,0,1,2017,6,0,0,1,0,0,0,0.0,0.0,0.0,0.0,0.0,0.400403245021,0.0,0.0,0.404583051034,0.359997053788,0.0,0.444815153579,0.0,0.0,0.0,0.524158230805,0.271642312026,0.0,0.0,0.0,29
113,2,0,0,2017,6,0,0,1,0,0,0,0.0,0.0,0.0,0.0,0.0,0.0,0.0,0.0,0.0,0.0,0.0,0.0,0.0,0.0,0.0,1.0,0.0,0.0,0.0,0.0,15
114,1,0,0,2017,6,0,0,1,0,0,0,0.0,0.0,0.0,0.0,0.0,0.0,0.0,0.0,0.0,0.0,0.0,0.0,0.0,0.0,0.0,0.0,1.0,0.0,0.0,0.0,30
115,0,0,2,2017,6,0,0,0,0,0,1,0.0,0.0,0.0,0.0,0.0,0.557953935333,0.0,0.0,0.56377841164,0.0,0.0,0.0,0.0,0.0,0.0,0.0,0.0,0.608967411784,0.0,0.0,18
116,2,0,0,2017,6,0,0,1,0,0,0,0.755868920642,0.0,0.0,0.0,0.0,0.0,0.0,0.0,0.0,0.0,0.0,0.558768927675,0.0,0.0,0.0,0.0,0.341232267338,0.0,0.0,0.0,44
117,2,0,1,2017,6,0,0,0,0,0,1,0.911428436255,0.0,0.0,0.0,0.0,0.0,0.0,0.0,0.0,0.0,0.0,0.0,0.0,0.0,0.0,0.0,0.411458631683,0.0,0.0,0.0,17
118,0,0,0,2017,6,0,0,1,0,0,0,0.0,0.0,0.0,0.0,0.0,0.0,0.0,0.0,0.0,0.0,0.0,0.0,0.0,0.0,0.0,1.0,0.0,0.0,0.0,0.0,14
119,4,0,1,2017,6,0,0,1,0,0,0,0.0,0.0,0.0,0.0,0.0,0.0,0.0,0.0,0.0,0.499977665961,0.0,0.0,0.0,0.0,0.0,0.0,0.0,0.606938873379,0.0,0.617776284363,39
120,6,2,0,2017,6,0,0,1,0,0,0,0.0,0.0,0.0,0.0,0.0,0.0,0.0,0.0,0.0,0.0,0.0,0.0,0.0,0.0,0.562955683785,0.0,0.0,0.826487082836,0.0,0.0,24
121,4,0,0,2017,6,1,0,0,0,0,0,0.0,0.0,0.800267252026,0.0,0.0,0.0,0.0,0.0,0.0,0.0,0.0,0.0,0.0,0.0,0.0,0.0,0.0,0.599643498535,0.0,0.0,25
122,1,0,2,2017,6,0,0,0,0,0,1,1.0,0.0,0.0,0.0,0.0,0.0,0.0,0.0,0.0,0.0,0.0,0.0,0.0,0.0,0.0,0.0,0.0,0.0,0.0,0.0,19
123,1,0,1,2017,6,0,0,1,0,0,0,0.0,0.0,0.0,0.0,0.0,0.0,0.0,0.0,0.0,0.0,0.0,0.0,0.0,0.0,0.0,0.0,1.0,0.0,0.0,0.0,56
124,3,0,1,2017,6,0,0,0,1,0,0,0.0,0.0,0.0,0.0,0.0,0.570743029339,0.379677187492,0.0,0.576701010888,0.0,0.0,0.317024339096,0.0,0.0,0.0,0.0,0.0,0.311462903441,0.0,0.0,25
125,3,1,0,2017,6,0,0,1,0,0,0,0.0,0.0,0.0,0.0,0.0,0.0,0.0,0.0,0.0,0.629101729387,0.0,0.0,0.0,0.0,0.0,0.0,0.0,0.0,0.0,0.777322979258,5
126,4,0,1,2017,6,0,0,1,0,0,0,0.0,0.0,0.0,0.0,0.0,0.532847729687,0.0,0.0,0.0,0.479076069413,0.0,0.0,0.0,0.0,0.0,0.697538111277,0.0,0.0,0.0,0.0,18
127,2,0,0,2017,6,0,0,1,0,0,0,0.709747449292,0.0,0.0,0.0,0.0,0.0,0.0,0.0,0.0,0.0,0.343965782741,0.524674067593,0.0,0.0,0.0,0.0,0.320411019352,0.0,0.0,0.0,42
128,8,2,1,2017,6,0,0,1,0,0,0,0.0,0.0,0.0,0.0,0.0,0.0,0.0,0.0,0.0,0.3700019057,0.0,0.0,0.0,0.0,0.611880261835,0.0,0.279191654656,0.449157142574,0.0,0.457177226249,32
129,2,0,1,2017,6,0,0,0,0,0,1,0.0,0.0,0.328597975435,0.693260672681,0.0,0.451187704037,0.0,0.0,0.455897648579,0.0,0.0,0.0,0.0,0.0,0.0,0.0,0.0,0.0,0.0,0.0,24
130,4,0,1,2017,6,0,0,1,0,0,0,0.0,0.0,0.0,0.0,0.0,0.0,0.0,0.0,0.0,0.0,1.0,0.0,0.0,0.0,0.0,0.0,0.0,0.0,0.0,0.0,43
131,1,0,1,2017,6,0,0,0,1,0,0,1.0,0.0,0.0,0.0,0.0,0.0,0.0,0.0,0.0,0.0,0.0,0.0,0.0,0.0,0.0,0.0,0.0,0.0,0.0,0.0,19
132,20,9,2,2017,6,0,0,1,0,0,0,0.0,0.0,0.0,0.0,0.0,0.416748840244,0.0,0.0,0.421099277785,0.374693153771,0.0,0.0,0.0,0.0,0.619638281602,0.0,0.0942438403499,0.303234665727,0.0,0.154324589591,69
133,0,0,0,2017,6,1,0,0,0,0,0,0.0,0.0,0.0,0.0,0.0,0.0,0.0,0.0,0.0,0.0,0.0,0.0,0.0,0.0,0.0,0.0,0.0,1.0,0.0,0.0,24
134,2,0,0,2017,6,0,0,1,0,0,0,0.0,0.0,0.0,0.0,0.0,0.0,0.0,0.0,0.0,1.0,0.0,0.0,0.0,0.0,0.0,0.0,0.0,0.0,0.0,0.0,11
135,10,1,1,2017,6,0,0,0,0,0,1,1.0,0.0,0.0,0.0,0.0,0.0,0.0,0.0,0.0,0.0,0.0,0.0,0.0,0.0,0.0,0.0,0.0,0.0,0.0,0.0,20
136,0,0,0,2017,6,0,0,1,0,0,0,0.856635688117,0.0,0.0,0.0,0.0,0.0,0.0,0.0,0.0,0.25625438122,0.0,0.316629902213,0.0,0.0,0.0,0.0,0.0,0.0,0.0,0.316629902213,30
137,2,0,1,2017,6,0,0,0,0,0,1,0.0,0.0,0.0,0.0,0.0,0.0,0.0,0.0,0.0,0.0,0.0,0.0,0.0,0.0,0.0,0.0,0.0,0.0,0.0,0.0,10
138,1,0,0,2017,6,0,0,0,0,0,1,0.713809030621,0.0,0.0,0.0,0.0,0.0,0.0,0.0,0.0,0.0,0.0,0.0,0.0,0.0,0.0,0.62179987858,0.322244594682,0.0,0.0,0.0,15
139,3,0,2,2017,5,0,0,1,0,0,0,0.0,0.0,0.0,0.0,0.0,0.0,0.585681852947,0.0,0.0,0.39578491955,0.641202944218,0.0,0.0,0.0,0.0,0.0,0.2986466958,0.0,0.0,0.0,24
140,7,0,1,2017,5,0,0,0,0,0,1,0.583061964837,0.0,0.0,0.0,0.0,0.0,0.0,0.0,0.0,0.0,0.0,0.0,0.576875807452,0.0,0.0,0.507905957179,0.26321965466,0.0,0.0,0.0,13
141,2,0,1,2017,5,0,1,0,0,0,0,0.0,0.0,0.0,0.0,0.0,0.0,0.0,0.0,0.0,0.0,1.0,0.0,0.0,0.0,0.0,0.0,0.0,0.0,0.0,0.0,13
142,3,0,1,2017,5,0,0,1,0,0,0,0.0,0.0,0.0,0.401300591276,0.0,0.0,0.347483649725,0.0,0.0,0.234818250999,0.760848362126,0.0,0.0,0.0,0.0,0.0,0.0,0.0,0.0,0.290143253347,23
143,0,2,0,2017,5,0,0,1,0,0,0,0.0,0.0,0.0,0.0,0.0,0.0,0.0,0.0,0.0,0.467794064922,0.0,0.0,0.0,0.0,0.0,0.0,0.352982503636,0.567870171143,0.0,0.578009977143,23
144,1,0,1,2017,5,0,0,0,0,0,1,0.0,0.0,0.0,0.505657303024,0.0,0.0,0.0,0.474621165226,0.0,0.0,0.479352060734,0.0,0.489306309879,0.0,0.0,0.0,0.223263025153,0.0,0.0,0.0,9
145,3,0,1,2017,5,0,0,1,0,0,0,0.0,0.0,0.0,0.656415901588,0.0,0.0,0.284193193556,0.0,0.0,0.192048600588,0.0,0.0,0.0,0.628617518392,0.0,0.0,0.0,0.0,0.0,0.237296741365,34
146,5,0,1,2017,5,0,0,0,1,0,0,0.0,0.0,0.0,0.0,0.0,0.0,0.0,0.0,0.0,0.0,0.0,0.0,0.0,0.0,0.0,0.0,1.0,0.0,0.0,0.0,10
147,13,0,2,2017,5,0,0,1,0,0,0,0.0,0.0,0.0,0.487644977591,0.0,0.0,0.0,0.0,0.0,0.285342068354,0.0,0.352570874184,0.0,0.0,0.471876433087,0.0,0.0,0.0,0.457714396878,0.352570874184,36
148,4,0,1,2017,5,0,0,0,0,0,1,0.0,0.0,0.0,0.914798223297,0.0,0.0,0.0,0.0,0.0,0.0,0.0,0.0,0.0,0.0,0.0,0.0,0.403911142026,0.0,0.0,0.0,17
149,1,0,0,2017,5,0,0,1,0,0,0,0.0,0.0,0.0,0.0,0.0,0.0,0.0,0.0,0.0,0.552368817839,0.0,0.0,0.0,0.0,0.0,0.0,0.8335998375,0.0,0.0,0.0,25
150,7,0,5,2017,5,0,0,0,0,0,1,0.0,0.0,0.0,0.0,0.0,0.0,0.0,0.0,0.0,0.0,1.0,0.0,0.0,0.0,0.0,0.0,0.0,0.0,0.0,0.0,7
151,1,0,3,2017,5,0,0,1,0,0,0,0.0,0.0,0.0,0.0,0.0,0.0,0.0,0.0,0.0,0.385324167793,0.0,0.0,0.0,0.0,0.63721902252,0.0,0.0,0.467757326393,0.0,0.476109532207,21
152,1,0,1,2017,5,0,0,0,0,0,1,0.0,0.0,0.0,0.0,0.0,0.0,0.0,0.0,0.0,0.0,0.0,0.0,0.0,0.0,1.0,0.0,0.0,0.0,0.0,0.0,10
153,4,0,1,2017,5,0,0,0,0,0,1,0.0,0.0,0.0,0.717086191565,0.0,0.0,0.620920408365,0.0,0.0,0.0,0.0,0.0,0.0,0.0,0.0,0.0,0.316615287601,0.0,0.0,0.0,16
154,2,0,2,2017,5,0,0,1,0,0,0,0.0,0.0,0.0,0.0,0.0,0.0,0.0,0.0,0.0,0.568319471357,0.0,0.0,0.0,0.0,0.0,0.0,0.428835773917,0.0,0.0,0.702219949507,25
155,29,0,5,2017,5,0,0,0,0,0,1,0.0,0.0,0.0,1.0,0.0,0.0,0.0,0.0,0.0,0.0,0.0,0.0,0.0,0.0,0.0,0.0,0.0,0.0,0.0,0.0,9
156,9,1,2,2017,5,0,0,1,0,0,0,0.0,0.0,0.551118080381,0.581361602466,0.0,0.0,0.0,0.0,0.0,0.340179699849,0.0,0.0,0.0,0.0,0.0,0.0,0.256688767863,0.0,0.0,0.42032867725,40
157,6,0,1,2017,5,0,0,0,0,0,1,0.0,0.0,0.0,0.0,0.0,0.0,0.0,0.0,0.0,0.0,0.0,0.0,0.0,0.0,0.806125358171,0.0,0.0,0.591744798805,0.0,0.0,12
158,2,0,1,2017,4,0,0,1,0,0,0,0.0,0.0,0.0,0.0,0.0,0.0,0.803614454208,0.0,0.0,0.27152837373,0.0,0.0,0.0,0.0,0.0,0.0,0.409773327002,0.0,0.0,0.335502565899,30
159,1,0,2,2017,4,0,0,0,0,0,1,0.0,0.0,0.0,0.0,0.0,0.0,0.890866881494,0.0,0.0,0.0,0.0,0.0,0.0,0.0,0.0,0.0,0.454264459821,0.0,0.0,0.0,10
160,2,1,2,2017,4,0,0,1,0,0,0,0.0,0.0,0.0,0.0,0.0,0.0,0.0,0.0,0.0,0.568319471357,0.0,0.0,0.0,0.0,0.0,0.0,0.428835773917,0.0,0.0,0.702219949507,13
161,2,0,1,2017,4,0,0,0,0,0,1,0.0,0.0,0.0,0.0,0.0,0.461662001554,0.0,0.0,0.466481287197,0.0,0.0,0.0,0.686416905578,0.0,0.0,0.0,0.313201591236,0.0,0.0,0.0,11
162,5,0,1,2017,4,0,0,1,0,0,0,0.0,0.0,0.0,0.0,0.0,0.0,0.0,0.0,0.0,1.0,0.0,0.0,0.0,0.0,0.0,0.0,0.0,0.0,0.0,0.0,46
163,1,0,1,2017,4,1,0,0,0,0,0,0.0,0.0,0.0,0.0,0.0,0.0,0.0,0.0,0.0,0.0,0.0,0.0,0.0,0.0,0.0,0.0,1.0,0.0,0.0,0.0,50
164,6,0,4,2017,4,0,0,0,0,0,1,0.0,0.0,0.0,0.0,0.0,0.0,0.0,0.0,0.0,0.0,0.0,0.0,0.0,0.0,0.0,0.0,1.0,0.0,0.0,0.0,14
165,5,1,1,2017,4,0,0,1,0,0,0,0.0,0.0,0.379891606997,0.0,0.0,0.0,0.0,0.0,0.0,0.234489517662,0.0,0.289737067884,0.775560910655,0.0,0.0,0.0,0.176938322282,0.0,0.0,0.289737067884,63
166,1,0,2,2017,4,0,0,0,0,0,1,0.0,0.0,0.0,0.0,0.0,0.0,0.0,0.0,0.0,0.0,0.0,0.0,0.0,0.0,0.756568916895,0.0,0.345210886744,0.555367371801,0.0,0.0,17
167,3,1,1,2017,4,1,0,0,0,0,0,0.0,0.0,0.0,0.0,0.0,0.634841539087,0.0,0.0,0.641468644425,0.0,0.0,0.0,0.0,0.0,0.0,0.0,0.430690374247,0.0,0.0,0.0,26
168,31,40,12,2017,4,0,0,1,0,0,0,0.0,0.0,0.423484796931,0.0,0.0,0.0,0.0,0.0,0.293771930388,0.0,0.0,0.322984875413,0.432278903649,0.0,0.432278903649,0.0,0.394484574551,0.317318876369,0.0,0.0,50
169,0,0,1,2017,4,0,0,0,0,0,1,0.580372117093,0.0,0.0,0.0,0.0,0.386198260117,0.0,0.0,0.390229780415,0.0,0.0,0.429034580817,0.0,0.0,0.0,0.0,0.0,0.421508192712,0.0,0.0,23
170,2,0,3,2017,4,0,0,0,0,0,1,0.0,0.0,0.0,0.0,0.0,0.0,0.0,0.0,0.0,0.0,0.0,0.713335987352,0.0,0.0,0.0,0.0,0.0,0.700822209371,0.0,0.0,20
171,1,0,1,2017,4,0,0,1,0,0,0,0.0,0.0,0.0,0.0,0.0,0.0,0.64082130804,0.0,0.0,0.0,0.0,0.535075475569,0.0,0.0,0.0,0.0,0.163381505916,0.525688852964,0.0,0.0,42
172,6,0,1,2017,4,0,0,0,1,0,0,0.0,0.0,0.0,0.0,0.0,0.0,0.0,0.0,0.0,0.0,0.0,0.0,0.0,0.0,0.0,0.0,0.0,0.0,0.0,0.0,15
173,1,0,1,2017,4,0,0,0,0,0,1,0.0,0.0,0.0,0.0,0.0,0.703425721728,0.0,0.0,0.710768776756,0.0,0.0,0.0,0.0,0.0,0.0,0.0,0.0,0.0,0.0,0.0,19
174,5,3,0,2017,3,0,0,1,0,0,0,0.0,0.0,0.0,0.0,0.0,0.594507306307,0.0,0.0,0.600713362938,0.5345133472,0.0,0.0,0.0,0.0,0.0,0.0,0.0,0.0,0.0,0.0,6
175,3,1,0,2017,3,0,0,0,0,0,1,0.0,0.0,0.0,0.0,0.0,0.0,0.0,0.667957306982,0.0,0.0,0.674615324902,0.0,0.0,0.0,0.0,0.0,0.314208846879,0.0,0.0,0.0,7
176,3,0,0,2017,3,0,0,1,0,0,0,0.0,0.0,0.0,0.0,0.0,0.0,0.0,0.0,0.0,0.23592244213,0.0,0.583015200956,0.0,0.0,0.39015011393,0.0,0.534058684354,0.286393795123,0.0,0.291507600478,46
177,2,0,0,2017,3,0,0,0,0,0,1,0.0,0.0,0.0,0.0,0.0,0.0,1.0,0.0,0.0,0.0,0.0,0.0,0.0,0.0,0.0,0.0,0.0,0.0,0.0,0.0,7
178,1,0,0,2017,3,0,0,0,0,0,1,0.939944336105,0.0,0.0,0.0,0.0,0.0,0.0,0.0,0.0,0.0,0.0,0.0,0.0,0.0,0.0,0.0,0.0,0.341327767731,0.0,0.0,13
179,1,1,0,2017,3,0,0,1,0,0,0,0.0,0.0,0.0,0.0,0.0,0.0,0.0,0.0,0.0,0.629101729387,0.0,0.0,0.0,0.0,0.0,0.0,0.0,0.0,0.0,0.777322979258,18
180,0,0,0,2017,3,0,0,0,0,0,1,0.0,0.0,0.731716757468,0.0,0.0,0.0,0.0,0.0,0.0,0.0,0.0,0.0,0.0,0.0,0.0,0.0,0.681608822449,0.0,0.0,0.0,9
181,6,0,2,2017,3,0,0,0,0,0,1,0.0,0.0,0.0,0.0,0.0,0.0,0.0,0.0,0.0,0.0,0.0,0.0,0.0,0.0,0.0,0.0,0.0,1.0,0.0,0.0,7
182,4,0,0,2017,3,0,0,0,0,0,1,0.0,0.645289384228,0.0,0.0,0.0,0.0,0.0,0.0,0.0,0.0,0.0,0.0,0.0,0.0,0.0,0.530421732161,0.549776678892,0.0,0.0,0.0,22
183,1,0,0,2017,3,0,0,0,0,0,1,0.0,0.0,0.0,0.0,0.0,0.0,0.0,0.0,0.0,0.0,0.0,0.0,0.0,0.0,0.0,0.0,1.0,0.0,0.0,0.0,9
184,5,0,0,2017,3,0,0,1,0,0,0,0.0,0.0,0.0,0.0,0.0,0.0,0.0,0.0,0.0,0.456235006169,0.0,0.0,0.0,0.0,0.0,0.0,0.688520812039,0.0,0.0,0.563727514438,35
185,0,0,1,2017,3,0,0,0,0,0,1,0.0,0.0,0.731716757468,0.0,0.0,0.0,0.0,0.0,0.0,0.0,0.0,0.0,0.0,0.0,0.0,0.0,0.681608822449,0.0,0.0,0.0,14
187,3,0,0,2017,3,0,0,1,0,0,0,0.0,0.0,0.0,0.0,0.0,0.411962258667,0.0,0.0,0.832525458248,0.37038960407,0.0,0.0,0.0,0.0,0.0,0.0,0.0,0.0,0.0,0.0,71
188,2,3,0,2017,3,1,0,0,0,0,0,0.0,0.0,0.0,0.0,0.0,0.0,0.0,0.0,0.0,0.0,0.0,0.0,0.0,0.0,0.0,0.0,1.0,0.0,0.0,0.0,20
189,2,0,0,2017,3,0,0,1,0,0,0,0.0,0.0,0.0,0.0,0.0,0.0,0.0,0.0,0.0,1.0,0.0,0.0,0.0,0.0,0.0,0.0,0.0,0.0,0.0,0.0,10
190,3,0,0,2017,3,0,0,0,1,0,0,0.0,0.0,0.0,0.0,0.53792812034,0.361793205718,0.0,0.0,0.365569961865,0.0,0.0,0.401922567727,0.0,0.0,0.0,0.473614759582,0.245448417561,0.0,0.0,0.0,22
191,3,0,0,2017,3,0,0,0,0,0,1,0.0,0.0,0.0,0.0,0.0,0.0,0.0,0.0,0.0,0.0,0.0,0.0,0.0,0.0,0.0,0.0,0.0,0.0,0.0,0.0,14
192,11,0,8,2017,3,0,0,0,0,0,1,0.0,0.0,0.0,0.0,0.0,0.0,0.0,0.0,0.0,0.0,0.0,0.0,0.0,0.0,0.0,0.0,0.0,0.0,0.0,0.0,10
193,3,0,0,2017,2,0,0,0,0,0,1,0.0,0.0,0.0,0.0,0.0,0.226313562488,0.0,0.0,0.228676047811,0.0,0.0,0.0,0.672983501916,0.666020001756,0.0,0.0,0.0,0.0,0.0,0.0,30
194,4,0,0,2017,2,0,0,1,0,0,0,0.0,0.0,0.0,0.0,0.0,0.436240545973,0.0,0.0,0.440794457261,0.392217878466,0.0,0.484627454615,0.0,0.0,0.0,0.0,0.0,0.476125822175,0.0,0.0,22
195,4,0,0,2017,2,0,0,0,1,0,0,0.0,0.0,0.395072085564,0.0,0.0,0.0,0.360863207518,0.0,0.0,0.0,0.0,0.602629937412,0.0,0.0,0.0,0.0,0.0,0.592058232949,0.0,0.0,54
196,4,0,0,2017,2,0,0,0,0,0,1,0.0,0.0,0.0,0.0,0.0,0.0,0.0,0.0,0.0,0.0,0.0,0.45356768035,0.0,0.0,0.0,0.0,0.0,0.891221835091,0.0,0.0,18
197,2,0,0,2017,2,0,0,1,0,0,0,0.0,0.0,0.0,0.0,0.0,0.0,0.559550167224,0.0,0.0,0.378125968569,0.0,0.0,0.0,0.0,0.0,0.0,0.570643627543,0.0,0.0,0.46721538138,38
198,0,0,0,2017,2,0,0,0,0,0,1,0.0,0.0,0.0,0.548797269442,0.0,0.0,0.0,0.0,0.0,0.0,0.0,0.198392213525,0.0,0.788334598802,0.0,0.0,0.0,0.194911895474,0.0,0.0,27
199,3,0,0,2017,2,1,0,0,0,0,0,0.0,0.0,0.0,0.0,0.0,0.0,0.0,0.0,0.0,0.0,0.731716757468,0.0,0.0,0.0,0.0,0.0,0.681608822449,0.0,0.0,0.0,73
200,1,0,0,2017,2,0,0,1,0,0,0,0.560581274518,0.0,0.0,0.0,0.0,0.0,0.0,0.0,0.0,0.335385064194,0.0,0.414404388225,0.0,0.0,0.0,0.0,0.253070888493,0.407134651943,0.0,0.414404388225,58
201,0,0,0,2017,2,0,0,1,0,0,0,0.0,0.0,0.0,0.0,0.433532503438,0.0,0.193968724698,0.0,0.0,0.131077812491,0.0,0.323921524803,0.0,0.0,0.0,0.0,0.79125714315,0.0,0.0,0.161960762402,64
202,0,0,0,2017,2,0,0,1,0,0,0,0.0,0.0,0.0,0.0,0.0,0.0,0.0,0.0,0.0,0.629101729387,0.0,0.0,0.0,0.0,0.0,0.0,0.0,0.0,0.0,0.777322979258,14
203,1,0,0,2017,2,0,0,1,0,0,0,0.0,0.0,0.0,0.0,0.0,0.0,0.0,0.0,0.0,0.521392734687,0.0,0.0,0.0,0.853316832259,0.0,0.0,0.0,0.0,0.0,0.0,15
204,2,0,1,2017,2,0,0,0,0,0,1,0.0,0.0,0.248466009289,0.0,0.0,0.0,0.0,0.0,0.0,0.0,0.0,0.568502791383,0.0,0.753004048563,0.0,0.0,0.115725533331,0.186176588758,0.0,0.0,32
205,8,0,0,2017,2,0,0,1,0,0,0,0.0,0.0,0.0,0.0,0.0,0.0,0.0,0.0,0.0,0.521392734687,0.0,0.0,0.0,0.853316832259,0.0,0.0,0.0,0.0,0.0,0.0,15
206,2,0,0,2017,2,0,0,1,0,0,0,0.0,0.0,0.0,0.0,0.0,0.0,0.0,0.0,0.0,0.274817564759,0.0,0.0,0.0,0.899538632622,0.0,0.0,0.0,0.0,0.0,0.339566715862,45
207,2,0,0,2017,2,0,0,0,0,0,1,0.0,0.0,0.0,0.0,0.0,0.0,0.0,0.0,0.0,0.0,0.0,0.0,0.0,0.0,0.0,0.0,0.0,0.0,0.0,0.0,31
208,8,0,3,2017,2,0,0,1,0,0,0,0.0,0.0,0.850947598052,0.0,0.0,0.0,0.0,0.0,0.0,0.525250592926,0.0,0.0,0.0,0.0,0.0,0.0,0.0,0.0,0.0,0.0,27
210,4,0,0,2017,2,1,0,0,0,0,0,0.0,0.0,0.0,0.0,0.0,0.0,0.0,0.0,0.0,0.0,0.0,0.0,0.0,1.0,0.0,0.0,0.0,0.0,0.0,0.0,22
211,1,0,1,2017,2,0,0,0,0,0,1,0.0,0.0,0.0,0.0,0.0,0.202158700113,0.268965340759,0.0,0.204269033036,0.0,0.0,0.0,0.0,0.892401694736,0.0,0.0,0.0,0.220641978811,0.0,0.0,20
212,2,0,0,2017,2,0,0,0,0,0,1,0.0,0.0,0.0,0.0,0.468991651918,0.0,0.0,0.0,0.0,0.0,0.0,0.350415458597,0.0,0.0,0.0,0.0,0.427987511564,0.688536510835,0.0,0.0,31
213,3,0,0,2017,1,0,0,0,0,0,1,0.0,0.0,0.0,0.0,0.512167948101,0.0,0.0,0.0,0.0,0.0,0.0,0.0,0.0,0.506868439898,0.512167948101,0.0,0.467388885739,0.0,0.0,0.0,35
214,1,0,0,2017,1,0,0,1,0,0,0,0.0,0.0,0.0,0.0,0.194231506759,0.0,0.0,0.376804395123,0.0,0.117451129135,0.0,0.145123526692,0.0,0.0,0.0,0.0,0.886248816001,0.0,0.0,0.0,124
215,1,0,0,2017,1,0,0,0,0,0,1,0.0,0.0,0.0,0.0,0.0,0.0,0.0,0.0,0.0,0.0,0.0,0.713335987352,0.0,0.0,0.0,0.0,0.0,0.700822209371,0.0,0.0,24
216,3,0,0,2017,1,0,0,1,0,0,0,0.553439800755,0.58650564198,0.0,0.0,0.0,0.0,0.489979652378,0.0,0.0,0.331112456911,0.0,0.0,0.0,0.0,0.0,0.0,0.0,0.0,0.0,0.0,41
217,3,0,0,2017,1,0,0,0,1,0,0,0.0,0.0,0.0,0.0,0.53792812034,0.361793205718,0.0,0.0,0.365569961865,0.0,0.0,0.401922567727,0.0,0.0,0.0,0.473614759582,0.245448417561,0.0,0.0,0.0,36
218,2,0,0,2017,1,0,0,0,0,0,1,0.0,0.0,0.0,0.0,0.0,0.0,0.0,0.0,0.0,0.0,0.0,0.0,0.0,0.908126217314,0.0,0.0,0.418696517094,0.0,0.0,0.0,32
219,0,0,0,2017,1,0,0,1,0,0,0,0.0,0.0,0.38484736775,0.0,0.0,0.0,0.0,0.0,0.0,0.237548479553,0.0,0.293516744937,0.0,0.0,0.0,0.0,0.358493035013,0.0,0.762098345154,0.0,46
220,7,0,5,2017,1,0,0,0,1,0,0,0.0,0.0,0.0,0.0,0.0,0.0,0.0,0.0,0.0,0.0,0.0,0.396755465954,0.0,0.0,0.0,0.0,0.484585883434,0.779590675811,0.0,0.0,26
221,3,0,0,2017,1,0,0,1,0,0,0,0.0,0.512609734064,0.0,0.0,0.0,0.0,0.0,0.0,0.0,0.289394434313,0.0,0.0,0.0,0.473625974305,0.0,0.0,0.655103471519,0.0,0.0,0.0,43
222,0,0,0,2017,1,0,0,0,0,0,1,0.0,0.0,0.0,0.0,0.738659774841,0.0,0.0,0.0,0.0,0.0,0.0,0.0,0.0,0.0,0.0,0.0,0.674078435371,0.0,0.0,0.0,32
223,3,0,0,2017,1,0,0,1,0,0,0,0.0,0.0,0.0,0.0,0.0,0.0,0.0,0.0,0.0,0.293146797212,0.0,0.0,0.0,0.0,0.0,0.0,0.884796949528,0.0,0.0,0.362214457732,73
224,5,0,0,2017,1,0,0,0,0,0,1,0.0,0.0,0.0,0.0,0.303609127327,0.408395528352,0.271678246808,0.0,0.412658765742,0.0,0.0,0.226846962311,0.607218254654,0.0,0.0,0.0,0.277064451705,0.0,0.0,0.0,35
225,3,0,0,2017,1,0,0,1,0,0,0,0.0,0.390631414291,0.0,0.0,0.0,0.0,0.326342034727,0.0,0.0,0.220531428983,0.0,0.0,0.0,0.0,0.0,0.0,0.832029965428,0.0,0.0,0.0,61
226,6,0,0,2017,1,0,0,1,0,0,0,0.0,0.0,0.0,0.0,0.550864693536,0.0,0.0,0.0,0.0,0.666211999649,0.0,0.0,0.0,0.0,0.0,0.0,0.5027023582,0.0,0.0,0.0,59
227,3,0,0,2017,1,0,1,0,0,0,0,0.0,0.0,0.0,0.0,0.814445479862,0.182589971845,0.242929806973,0.0,0.184496026982,0.0,0.0,0.0,0.0,0.268672747739,0.0,0.0,0.371619081923,0.0,0.0,0.0,41
228,12,0,4,2017,1,0,0,0,0,0,1,0.0,0.0,0.0,0.0,0.72698403876,0.0,0.0,0.0,0.0,0.0,0.0,0.0,0.0,0.0,0.48465602584,0.0,0.33171175694,0.355766853869,0.0,0.0,25
229,4,0,1,2017,1,0,0,1,0,0,0,0.0,0.0,0.0,0.0,0.0,0.0,0.594773450742,0.0,0.0,0.401928728315,0.0,0.496626256054,0.0,0.0,0.0,0.0,0.0,0.487914133271,0.0,0.0,49
230,4,3,0,2017,1,0,0,1,0,0,0,0.0,0.0,0.0,0.0,0.0,0.0,0.0,0.0,0.0,0.499977665961,0.0,0.0,0.0,0.0,0.0,0.0,0.0,0.606938873379,0.0,0.617776284363,15
232,15,3,2,2016,12,0,0,0,1,0,0,0.0,0.0,0.0,0.0,0.0,0.703425721728,0.0,0.0,0.710768776756,0.0,0.0,0.0,0.0,0.0,0.0,0.0,0.0,0.0,0.0,0.0,85
234,1,0,0,2016,12,0,0,1,0,0,0,0.0,0.0,0.0,0.0,0.909769426642,0.0,0.0,0.0,0.0,0.0,0.0,0.0,0.0,0.0,0.0,0.0,0.415113948631,0.0,0.0,0.0,25
235,3,0,0,2016,11,0,0,1,0,0,0,0.0,0.0,0.0,0.0,0.0,0.250880000563,0.333787389824,0.0,0.25349893472,0.225562759992,0.0,0.0,0.373018080497,0.0,0.0,0.328420957808,0.680809900933,0.0,0.0,0.0,69
237,9,4,2,2016,11,0,0,0,1,0,0,0.0,0.0,0.0,0.0,0.0,0.130719116545,0.0,0.0,0.132083692273,0.0,0.0,0.14521821345,0.971791171645,0.0,0.0,0.0,0.0,0.0,0.0,0.0,98
238,1,0,0,2016,11,0,0,1,0,0,0,0.0,0.0,0.462502156572,0.0,0.472106499755,0.0,0.422454579312,0.0,0.0,0.0,0.462502156572,0.352742772589,0.0,0.0,0.0,0.0,0.215415013463,0.0,0.0,0.0,42
239,0,0,0,2016,11,0,0,1,0,0,0,0.0,0.0,0.0,0.0,0.257471969109,0.519502172675,0.0,0.0,0.524925251364,0.0,0.0,0.577124290565,0.0,0.0,0.0,0.0,0.234961084927,0.0,0.0,0.0,63
240,3,1,0,2016,11,0,0,1,0,0,0,0.0,0.0,0.0,0.496750215156,0.0,0.161647413367,0.0,0.233130387452,0.163334849318,0.145334967407,0.4709083363,0.0,0.240343621318,0.0,0.0,0.211608730095,0.548325689741,0.0,0.0,0.0,69
241,17,0,0,2016,10,0,0,0,0,0,1,0.0,0.0,0.0,0.0,0.0,0.0,0.0,0.0,0.0,0.0,0.0,0.0,0.0,0.0,0.0,0.0,0.425659500322,0.0,0.904883412261,0.0,24
242,9,0,2,2016,10,0,0,0,0,0,1,0.0,0.0,0.0,0.0,0.0,0.0,0.0,0.0,0.0,0.0,0.894144139618,0.227316333139,0.0,0.0,0.0,0.267863462053,0.277637727934,0.0,0.0,0.0,54
243,27,1,7,2016,9,0,1,0,0,0,0,0.953708615696,0.0,0.0,0.0,0.0,0.211542788493,0.0,0.0,0.213751081833,0.0,0.0,0.0,0.0,0.0,0.0,0.0,0.0,0.0,0.0,0.0,35
244,0,0,0,2016,9,0,0,1,0,0,0,0.0,0.0,0.0,0.0,0.0,0.39256945387,0.0,0.0,0.396667483005,0.352953799844,0.0,0.436112454344,0.0,0.0,0.0,0.0,0.0,0.428461901834,0.0,0.436112454344,39
245,1,0,0,2016,9,0,1,0,0,0,0,0.0,0.0,0.0,0.0,0.0,0.0,0.365141615179,0.0,0.0,0.0,0.0,0.0,0.0,0.0,0.0,0.0,0.930951986337,0.0,0.0,0.0,55
246,11,0,1,2016,9,0,0,0,1,0,0,0.0,0.0,0.0,0.0,0.0,0.0,0.0,0.0,0.0,0.0,0.0,0.0,0.0,0.0,0.0,0.0,1.0,0.0,0.0,0.0,44
247,81,6,5,2016,9,0,0,1,0,0,0,0.0,0.0,0.0,0.0,0.0,0.557953935333,0.0,0.0,0.56377841164,0.0,0.0,0.0,0.0,0.0,0.0,0.0,0.0,0.608967411784,0.0,0.0,49
248,5,0,0,2016,9,0,0,1,0,0,0,0.0,0.460296051058,0.0,0.0,0.0,0.289027533427,0.384541397295,0.0,0.0,0.259860682427,0.0,0.0,0.0,0.0,0.0,0.378358973007,0.588247785667,0.0,0.0,0.0,69
249,19,3,12,2016,8,0,0,1,0,0,0,0.0,0.425291795085,0.0,0.82065057118,0.0,0.0,0.0,0.0,0.0,0.240098988135,0.0,0.0,0.0,0.0,0.0,0.0,0.0,0.0,0.0,0.296668173135,61
250,9,0,2,2016,8,0,0,1,0,0,0,0.0,0.0,0.0,0.566209274016,0.0,0.368500150687,0.0,0.0,0.372346920574,0.331313420201,0.0,0.0,0.0,0.0,0.0,0.482394659476,0.249998555604,0.0,0.0,0.0,44
252,5,0,0,2016,8,0,0,1,0,0,0,0.0,0.0,0.0,0.0,0.0,0.517456778135,0.0,0.0,0.522858504969,0.0,0.0,0.0,0.0,0.0,0.0,0.677390187812,0.0,0.0,0.0,0.0,7
253,10,0,2,2016,8,0,0,0,1,0,0,0.0,0.0,0.0,0.0,0.0,0.0,0.0,0.0,0.0,0.0,1.0,0.0,0.0,0.0,0.0,0.0,0.0,0.0,0.0,0.0,41
254,1,0,0,2016,8,0,1,0,0,0,0,0.0,0.0,0.0,0.0,0.0,0.0,0.0,0.0,0.0,0.0,0.66535267638,0.0,0.67916942372,0.0,0.0,0.0,0.309894675523,0.0,0.0,0.0,32
255,3,1,0,2016,7,0,0,1,0,0,0,0.0,0.0,0.0,0.0,0.0,0.335665561075,0.0,0.0,0.339169570965,0.301792292015,0.488927436655,0.0,0.49908052854,0.0,0.0,0.439411690147,0.0,0.0,0.0,0.0,27
256,0,0,0,2016,6,0,0,1,0,0,0,0.0,0.0,0.0,0.0,0.0,0.0,0.0,0.0,0.0,0.629101729387,0.0,0.777322979258,0.0,0.0,0.0,0.0,0.0,0.0,0.0,0.0,42
257,1,0,0,2016,6,0,0,1,0,0,0,0.0,0.0,0.0,0.0,0.0,0.436240545973,0.0,0.0,0.440794457261,0.392217878466,0.0,0.484627454615,0.0,0.0,0.0,0.0,0.0,0.476125822175,0.0,0.0,32
258,0,0,0,2016,6,0,0,0,0,0,1,0.0,0.0,0.0,0.0,0.0,0.233375458223,0.0,0.0,0.235811662614,0.0,0.0,0.259260986473,0.346991650455,0.0,0.0,0.30550618362,0.158327011157,0.764138613074,0.0,0.0,39
259,6,1,0,2016,6,0,0,1,0,0,0,0.0,0.0,0.0,0.0,0.0,0.0,0.0,0.0,0.0,0.629101729387,0.0,0.0,0.0,0.0,0.0,0.0,0.0,0.0,0.0,0.777322979258,41
261,1,0,0,2016,5,0,0,0,1,0,0,0.0,0.0,0.0,0.0,0.0,0.0,0.0,0.0,0.0,0.0,0.0,0.0,0.0,0.0,0.0,0.0,0.0,0.0,0.0,0.0,28
263,0,0,0,2016,5,0,0,0,0,0,1,0.0,0.0,0.0,0.0,0.0,0.0,0.0,0.0,0.0,0.0,0.0,0.601909248719,0.402793892129,0.0,0.0,0.354636846762,0.0,0.59135018702,0.0,0.0,24
264,1,0,0,2016,5,0,0,1,0,0,0,0.0,0.0,0.328593667994,0.0,0.0,0.225590894812,0.0,0.0,0.227945836212,0.202825672627,0.0,0.0,0.670834521455,0.0,0.0,0.295315599412,0.459137379634,0.0,0.0,0.0,38
265,3,0,0,2016,5,0,0,1,0,0,0,0.0,0.501591291523,0.458764262053,0.0,0.0,0.3149575006,0.0,0.0,0.318245339226,0.0,0.0,0.0,0.0,0.0,0.468290983929,0.0,0.0,0.34375392271,0.0,0.0,46
266,1,2,0,2016,4,0,0,0,0,0,1,0.0,0.0,0.0,0.0,0.0,0.0,0.0,0.0,0.0,0.0,0.0,0.0,0.0,0.0,0.0,0.0,0.0,0.0,0.0,0.0,25
267,4,0,0,2016,4,0,0,0,0,0,1,0.0,0.0,0.0,0.0,0.0,0.0,0.0,0.0,0.0,0.0,0.0,0.0,0.464260329624,0.0,0.0,0.817509016853,0.0,0.340795178519,0.0,0.0,38
268,1,0,0,2016,4,0,0,0,1,0,0,0.0,0.0,0.0,0.0,0.0,0.0,0.0,0.0,0.0,0.0,0.0,0.0,0.0,0.0,0.0,0.0,0.0,0.0,0.0,0.0,39
270,0,0,0,2016,4,0,0,0,0,1,0,0.0,0.0,0.0,0.0,0.0,0.175506418738,0.934021512698,0.0,0.177338528726,0.0,0.255641070699,0.0,0.0,0.0,0.0,0.0,0.0,0.0,0.0,0.0,44
271,2,0,0,2016,3,0,0,0,0,0,1,0.0,0.0,0.0,0.0,0.0,0.591077299486,0.0,0.0,0.597247550305,0.0,0.0,0.0,0.0,0.0,0.0,0.386882518336,0.200499878828,0.322559615085,0.0,0.0,23
272,4,0,0,2016,3,0,0,1,0,0,0,0.0,0.0,0.389336803251,0.0,0.794843582011,0.0,0.0,0.0,0.0,0.0,0.0,0.0,0.0,0.0,0.0,0.0,0.362675034147,0.291731646171,0.0,0.0,20
273,3,1,0,2016,3,0,0,1,0,0,0,0.0,0.0,0.0,0.0,0.0,0.349091972901,0.0,0.0,0.352736140989,0.313863794333,0.0,0.0,0.0,0.0,0.0,0.0,0.710494870917,0.0,0.0,0.387812540158,44
274,2,0,0,2016,3,0,0,0,1,0,0,0.0,0.0,0.0,0.0,0.720116995699,0.0,0.0,0.0,0.0,0.0,0.0,0.538048228065,0.0,0.0,0.0,0.0,0.438104572884,0.0,0.0,0.0,65
275,3,2,0,2016,3,0,0,1,0,0,0,0.0,0.0,0.0,0.0,0.0,0.439650261299,0.0,0.0,0.0,0.395283506647,0.0,0.0,0.0,0.0,0.0,0.575535553223,0.298268345592,0.479847286235,0.0,0.0,17
276,378,2,0,2016,3,0,0,1,0,0,0,0.0,0.0,0.0,0.762160206916,0.0,0.24801443917,0.0,0.0,0.250603459756,0.0,0.361255600987,0.0,0.368757453073,0.0,0.0,0.0,0.168258415759,0.0,0.0,0.0,14
277,3,0,0,2016,3,0,0,0,0,0,1,0.301277239234,0.0,0.0,0.616083249198,0.0,0.200479558163,0.0,0.0,0.202572362537,0.0,0.584033441859,0.0,0.29808075493,0.0,0.0,0.0,0.136009713634,0.0,0.0,0.0,36
278,4,0,0,2016,3,0,0,0,1,0,0,0.936062091468,0.0,0.0,0.0,0.0,0.207628600363,0.0,0.0,0.209796033528,0.0,0.0,0.0,0.0,0.0,0.15435511358,0.0,0.0,0.113305994786,0.0,0.0,69
279,1,0,0,2016,3,0,0,0,0,1,0,0.0,0.0,0.0,0.0,0.0,0.308494834002,0.0,0.0,0.311715208907,0.0,0.898701600049,0.0,0.0,0.0,0.0,0.0,0.0,0.0,0.0,0.0,42
280,5,0,1,2016,3,0,0,0,1,0,0,0.0,0.20268014319,0.0,0.0,0.0,0.127266227303,0.0,0.0,0.12859475835,0.0,0.926874209092,0.0,0.0,0.0,0.0,0.0,0.259020569819,0.0,0.0,0.0,114
282,6,0,0,2016,2,0,0,0,1,0,0,0.0,0.0,0.0,0.0,0.0,0.279650609155,0.0,0.0,0.282569879447,0.0,0.0,0.0,0.0,0.0,0.415795333238,0.0,0.758884339475,0.305218938118,0.0,0.0,74
283,3,1,0,2016,2,0,0,1,0,0,0,0.0,0.0,0.0,0.0,0.0,0.297166653301,0.0,0.0,0.300268773426,0.0,0.0,0.0,0.883677729219,0.0,0.0,0.0,0.201604352021,0.0,0.0,0.0,47
284,2,0,0,2016,2,0,0,1,0,0,0,0.0,0.439001222879,0.200759139421,0.0,0.0,0.137828078612,0.0,0.0,0.139266864733,0.123919330941,0.0,0.0,0.81971245547,0.0,0.0,0.180427413461,0.0935055806911,0.0,0.0,0.0,80
285,2,0,0,2016,2,0,0,0,0,1,0,0.0,0.0,0.0,0.0,0.0,0.345568372557,0.0,0.0,0.349175757811,0.0,0.0,0.0,0.0,0.0,0.513804411361,0.0,0.703323408477,0.0,0.0,0.0,42
286,56,2,4,2016,2,0,0,1,0,0,0,0.0,0.0,0.0,0.0,0.0,0.416047339514,0.0,0.0,0.420390454094,0.374062444108,0.0,0.0,0.0,0.0,0.0,0.544637537588,0.0,0.0,0.0,0.462194459019,24
287,4,0,0,2016,2,0,0,1,0,0,0,0.0,0.0,0.0,0.0,0.0,0.0,0.0,0.0,0.0,0.629101729387,0.0,0.0,0.0,0.0,0.0,0.0,0.0,0.0,0.0,0.777322979258,22
288,4,0,0,2016,2,0,0,1,0,0,0,0.0,0.0,0.0,0.0,0.0,0.416047339514,0.0,0.0,0.420390454094,0.374062444108,0.0,0.0,0.0,0.0,0.0,0.544637537588,0.0,0.0,0.0,0.462194459019,36
289,3,0,0,2016,2,0,0,1,0,0,0,0.0,0.0,0.0,1.0,0.0,0.0,0.0,0.0,0.0,0.0,0.0,0.0,0.0,0.0,0.0,0.0,0.0,0.0,0.0,0.0,10
290,6,0,1,2016,1,0,0,1,0,0,0,0.0,0.270239344355,0.741497044424,0.0,0.0,0.169687771499,0.0,0.0,0.171459140679,0.152563942883,0.0,0.0,0.0,0.0,0.0,0.222134169001,0.46047957049,0.185202247851,0.0,0.0,50
291,6,0,0,2016,1,0,0,1,0,0,0,0.0,0.328716118819,0.901948719348,0.0,0.0,0.0,0.0,0.0,0.0,0.0,0.0,0.0,0.0,0.0,0.0,0.0,0.280061102073,0.0,0.0,0.0,57
293,5,0,0,2016,1,0,0,1,0,0,0,0.0,0.0,0.0,0.0,0.0,0.0,0.0,0.0,0.0,0.629101729387,0.0,0.0,0.0,0.0,0.0,0.0,0.0,0.0,0.0,0.777322979258,13
294,5,0,0,2016,1,0,0,1,0,0,0,0.0,0.0,0.0,0.0,0.0,0.0,0.0,0.0,0.0,0.629101729387,0.0,0.0,0.0,0.0,0.0,0.0,0.0,0.0,0.0,0.777322979258,13
295,2,0,0,2015,12,0,0,0,1,0,0,0.0,0.0,1.0,0.0,0.0,0.0,0.0,0.0,0.0,0.0,0.0,0.0,0.0,0.0,0.0,0.0,0.0,0.0,0.0,0.0,9
296,3,0,0,2015,12,0,0,0,0,0,1,0.0,0.0,0.0,0.0,0.0,0.703425721728,0.0,0.0,0.710768776756,0.0,0.0,0.0,0.0,0.0,0.0,0.0,0.0,0.0,0.0,0.0,37
297,3,0,0,2015,12,0,0,1,0,0,0,0.0,0.0,0.0,0.0,0.0,0.0,0.0,0.0,0.0,0.629101729387,0.0,0.0,0.0,0.0,0.0,0.0,0.0,0.0,0.0,0.777322979258,11
298,0,0,0,2015,12,0,0,1,0,0,0,0.0,0.687524566,0.0,0.0,0.0,0.431708090965,0.0,0.0,0.436214687995,0.38814281047,0.0,0.0,0.0,0.0,0.0,0.0,0.0,0.0,0.0,0.0,37
299,0,0,0,2015,12,0,0,1,0,0,0,0.0,0.687524566,0.0,0.0,0.0,0.431708090965,0.0,0.0,0.436214687995,0.38814281047,0.0,0.0,0.0,0.0,0.0,0.0,0.0,0.0,0.0,0.0,37
300,3,0,0,2015,11,0,0,1,0,0,0,0.0,0.0,0.0,0.0,0.0,0.310971254146,0.0,0.0,0.314217480379,0.0,0.0,0.0,0.0,0.0,0.0,0.0,0.0,0.0,0.896975057691,0.0,28
301,2,0,0,2015,11,0,0,0,0,1,0,0.0,0.0,0.0,0.0,0.0,0.304273630036,0.0,0.0,0.30744993983,0.0,0.0,0.0,0.0,0.0,0.0,0.0,0.206425880358,0.0,0.877656224545,0.0,38
302,3,0,0,2015,11,0,0,0,1,0,0,0.0,0.0,0.0,0.0,0.307809769146,0.103511490587,0.0,0.0,0.104592046143,0.0,0.0,0.114992773299,0.0,0.0,0.153904884573,0.0,0.210673372212,0.0,0.895715189138,0.0,73
303,2,0,0,2015,11,0,0,1,0,0,0,0.0,0.0,0.0,0.0,0.0,0.496079000515,0.0,0.0,0.501257564913,0.446017810425,0.0,0.0,0.0,0.0,0.0,0.0,0.0,0.0,0.0,0.551103068082,12
304,2,0,0,2015,11,0,0,0,0,1,0,0.0,0.0,0.0,0.0,0.0,0.634841539087,0.0,0.0,0.641468644425,0.0,0.0,0.0,0.0,0.0,0.0,0.0,0.430690374247,0.0,0.0,0.0,32
305,2,0,0,2015,11,0,0,0,1,0,0,0.0,0.0,0.0,0.0,0.0,0.0,0.0,0.0,0.0,0.0,0.0,0.0,0.0,0.0,0.0,0.0,1.0,0.0,0.0,0.0,61
306,2,0,0,2015,11,0,0,1,0,0,0,0.0,0.0,0.0,0.0,0.0,0.267846291345,0.0,0.0,0.270642336465,0.0,0.0,0.297555253864,0.796488434643,0.0,0.0,0.0,0.363425555379,0.0,0.0,0.0,22
307,2,0,0,2015,11,0,0,0,0,1,0,0.0,0.0,0.0,0.0,0.0,0.302301462745,0.804403826238,0.0,0.305457185102,0.0,0.0,0.0,0.0,0.0,0.0,0.0,0.410175837934,0.0,0.0,0.0,30
308,1,0,0,2015,11,0,0,1,0,0,0,0.0,0.0,0.0,0.0,0.0,0.0,0.522512182181,0.0,0.0,0.35309689202,0.0,0.0,0.583924070157,0.0,0.0,0.0,0.266435669704,0.0,0.0,0.436289260147,33
309,1,0,0,2015,11,0,0,0,1,0,0,0.0,0.0,0.0,0.0,0.0,0.258146839572,0.0,0.0,0.260841632199,0.0,0.0,0.0,0.767645395148,0.0,0.0,0.0,0.52539737289,0.0,0.0,0.0,59
310,2,0,0,2015,11,0,0,1,0,0,0,0.0,0.0,0.0,0.0,0.0,0.0,0.0,0.0,0.0,0.364202307363,0.0,0.0,0.602289338939,0.0,0.0,0.0,0.5496309249,0.0,0.0,0.450011197533,55
311,0,0,0,2015,11,0,0,1,0,0,0,0.0,0.0,0.0,0.0,0.0,0.372317021548,0.0,0.0,0.376203635717,0.334745116326,0.0,0.0,0.553575336425,0.0,0.0,0.487391233062,0.252588004212,0.0,0.0,0.0,33
312,0,0,0,2015,11,0,0,0,0,1,0,0.0,0.0,0.0,0.0,0.0,0.348297232842,0.0,0.5023196298,0.351933104645,0.0,0.0,0.0,0.0,0.0,0.0,0.0,0.708877363842,0.0,0.0,0.0,46
313,0,0,0,2015,11,0,0,0,1,0,0,0.0,0.0,0.0,0.0,0.0,0.0,0.0,0.0,0.0,0.0,0.0,0.853443285909,0.0,0.0,0.0,0.0,0.521185722883,0.0,0.0,0.0,54
314,0,0,0,2015,11,0,0,1,0,0,0,0.0,0.870811239264,0.0,0.0,0.0,0.0,0.0,0.0,0.0,0.491617519594,0.0,0.0,0.0,0.0,0.0,0.0,0.0,0.0,0.0,0.0,12
315,0,0,0,2015,11,0,0,1,0,0,0,0.0,0.601769308596,0.0,0.0,0.0,0.0,0.0,0.0,0.0,0.679459156062,0.0,0.0,0.0,0.0,0.0,0.0,0.0,0.0,0.0,0.419772503239,24
316,3,0,1,2015,11,0,0,1,0,0,0,0.0,0.0,0.786369245605,0.0,0.0,0.0,0.0,0.0,0.272752661905,0.242694681469,0.0,0.0,0.0,0.0,0.0,0.353365155426,0.183129677582,0.0,0.0,0.299875431964,44
317,0,0,0,2015,11,0,1,0,0,0,0,0.0,0.787553957095,0.0,0.0,0.0,0.164839402189,0.0,0.0,0.166560159284,0.0,0.0,0.183123051355,0.0,0.0,0.0,0.0,0.0,0.539731782973,0.0,0.0,56
318,1,0,0,2015,10,0,0,1,0,0,0,0.0,0.0,0.0,0.0,0.0,0.416047339514,0.0,0.0,0.420390454094,0.374062444108,0.0,0.0,0.0,0.0,0.0,0.544637537588,0.0,0.0,0.0,0.462194459019,12
